episode_id,segment_id,start_time,end_time,duration_minutes,observations,avg_speed_loss_pct,max_speed_loss_pct,avg_delay_seconds,max_delay_seconds,avg_travel_time_ratio,max_travel_time_ratio
S001_E001,S001,2026-09-25 15:30:00-06:00,2026-09-25 17:00:00-06:00,120,4,36.07142857142857,42.85714285714285,108.5,142.0,1.574074074074074,1.7513227513227514
S001_E002,S001,2026-09-25 18:30:00-06:00,2026-09-25 20:00:00-06:00,120,4,40.90893185198145,48.57142857142857,133.5,179.0,1.709638750213347,1.947089947089947
S001_E003,S001,2026-09-27 19:00:00-06:00,2026-09-27 20:00:00-06:00,90,3,34.80778390147649,42.028985507246375,103.33333333333333,139.0,1.5454669098822322,1.7239583333333333
S001_E004,S001,2026-09-28 13:30:00-06:00,2026-09-28 18:00:00-06:00,300,10,49.149068322981364,70.0,213.5,442.0,2.127083333333333,3.3386243386243386
S001_E005,S001,2026-09-28 19:00:00-06:00,2026-09-28 19:30:00-06:00,60,2,40.258799171842654,44.285714285714285,129.5,150.0,1.6806795634920633,1.7936507936507935
S001_E006,S001,2026-09-29 17:30:00-06:00,2026-09-29 20:00:00-06:00,180,6,41.398390342052316,61.42857142857143,144.5,301.0,1.7693719064686808,2.592592592592593
S001_E007,S001,2026-09-30 15:30:00-06:00,2026-09-30 20:00:00-06:00,300,10,45.925261715218845,54.929577464788736,164.2,228.0,1.8738897956135858,2.225806451612903
S001_E008,S001,2026-10-01 14:30:00-06:00,2026-10-01 16:00:00-06:00,120,4,36.1059837284577,43.47826086956522,109.0,147.0,1.5757295133555214,1.765625
S001_E009,S001,2026-10-01 19:00:00-06:00,2026-10-01 19:30:00-06:00,60,2,32.857142857142854,34.285714285714285,93.0,99.0,1.4920634920634919,1.5238095238095235
S001_E010,S001,2026-10-02 13:30:00-06:00,2026-10-02 14:00:00-06:00,60,2,38.732394366197184,42.25352112676056,119.5,137.0,1.64247311827957,1.7365591397849462
S001_E011,S001,2026-10-02 15:00:00-06:00,2026-10-02 16:00:00-06:00,90,3,36.666666666666664,38.57142857142858,109.66666666666667,119.0,1.5802469135802468,1.6296296296296295
S001_E012,S001,2026-10-02 19:00:00-06:00,2026-10-02 20:30:00-06:00,120,4,43.04347826086956,52.17391304347826,147.5,209.0,1.7761036706349205,2.0885416666666665
S001_E013,S001,2026-10-04 13:00:00-06:00,2026-10-04 13:30:00-06:00,60,2,34.50704225352112,38.0281690140845,99.5,115.0,1.5349462365591398,1.618279569892473
S001_E014,S001,2026-10-04 16:00:00-06:00,2026-10-04 17:30:00-06:00,120,4,38.423736865638276,44.285714285714285,118.75,150.0,1.63649708363944,1.7936507936507935
S001_E015,S001,2026-10-06 08:00:00-06:00,2026-10-06 08:30:00-06:00,60,2,36.7184265010352,40.57971014492754,112.0,131.0,1.5871775793650795,1.6822916666666667
S001_E016,S001,2026-10-06 15:30:00-06:00,2026-10-06 16:00:00-06:00,60,2,30.714285714285715,31.428571428571427,84.0,87.0,1.4444444444444444,1.4603174603174602
S001_E017,S001,2026-10-06 19:30:00-06:00,2026-10-06 20:00:00-06:00,60,2,36.697722567287784,37.68115942028986,110.5,116.0,1.5798611111111112,1.6041666666666667
S001_E018,S001,2026-10-07 18:30:00-06:00,2026-10-07 20:00:00-06:00,120,4,42.142857142857146,48.57142857142857,139.5,179.0,1.7380952380952381,1.947089947089947
S001_E019,S001,2026-10-08 15:30:00-06:00,2026-10-08 16:00:00-06:00,60,2,32.14285714285714,34.285714285714285,90.0,99.0,1.476190476190476,1.5238095238095235
S001_E020,S001,2026-10-08 19:30:00-06:00,2026-10-08 20:00:00-06:00,60,2,40.714285714285715,44.285714285714285,131.0,150.0,1.693121693121693,1.7936507936507935
S001_E021,S001,2026-10-09 07:30:00-06:00,2026-10-09 08:00:00-06:00,60,2,35.714285714285715,37.142857142857146,105.5,112.0,1.5582010582010581,1.5925925925925926
S001_E022,S001,2026-10-09 09:00:00-06:00,2026-10-09 10:00:00-06:00,90,3,37.69953051643193,43.66197183098591,116.0,145.0,1.621351766513057,1.7795698924731185
S001_E023,S001,2026-10-09 14:30:00-06:00,2026-10-09 17:30:00-06:00,210,7,58.22500218703525,73.91304347826086,317.57142857142856,544.0,2.685453392826665,3.8333333333333335
S002_E001,S002,2026-09-25 13:00:00-06:00,2026-09-25 14:00:00-06:00,90,3,36.143930967500346,41.962095875139354,60.75,63.25,1.6667699000819205,1.7493311036789296
S002_E002,S002,2026-09-25 16:30:00-06:00,2026-09-25 20:30:00-06:00,270,9,56.39433211547383,79.35029532030894,146.55555555555554,244.0,2.890714530732356,5.23801652892562
S002_E003,S002,2026-09-26 13:30:00-06:00,2026-09-26 17:00:00-06:00,240,8,67.73918939590057,81.6425120772947,183.0,287.0,3.6021879494647457,5.756302521008403
S002_E004,S002,2026-09-27 14:30:00-06:00,2026-09-27 21:30:00-06:00,450,15,70.93951097572621,84.83455882352942,256.9,395.0,4.395391107761678,6.7094017094017095
S002_E005,S002,2026-09-28 07:30:00-06:00,2026-09-28 08:30:00-06:00,90,3,64.34224686701019,66.63322185061315,187.83333333333334,204.0,3.0720447097917454,3.1717391304347826
S002_E006,S002,2026-09-28 12:30:00-06:00,2026-09-28 20:30:00-06:00,510,17,73.35423282863292,89.50534759358288,298.29411764705884,784.0,5.005842666959864,10.572558922558922
S002_E007,S002,2026-09-29 07:30:00-06:00,2026-09-29 09:00:00-06:00,120,4,77.16456200354494,88.42247097844114,349.5,479.0,5.935524250809578,8.927678571428572
S002_E008,S002,2026-09-29 15:30:00-06:00,2026-09-29 16:30:00-06:00,90,3,37.1170131700023,43.05932971014493,43.5,63.0,1.6151392180803945,1.7777777777777777
S002_E009,S002,2026-09-29 18:00:00-06:00,2026-09-29 20:30:00-06:00,180,6,64.29781307039784,84.76890756302521,203.41666666666666,427.5,3.739699375301561,6.681480284421461
S002_E010,S002,2026-09-30 07:30:00-06:00,2026-09-30 08:00:00-06:00,60,2,33.70715725806451,35.15625,124.5,139.0,2.0485625485625487,2.1880341880341883
S002_E011,S002,2026-09-30 13:30:00-06:00,2026-09-30 20:30:00-06:00,450,15,70.0956749394293,85.90653290922435,263.1666666666667,443.5,4.629426496147987,7.135049683830172
S002_E012,S002,2026-10-01 07:30:00-06:00,2026-10-01 08:30:00-06:00,90,3,49.10374928957091,54.31985294117647,130.0,158.0,2.3005698005698005,2.58974358974359
S002_E013,S002,2026-10-01 18:30:00-06:00,2026-10-01 20:00:00-06:00,120,4,57.264547470017774,74.35725463894477,125.125,186.0,2.7014177046570675,4.079663865546219
S002_E014,S002,2026-10-02 07:30:00-06:00,2026-10-02 09:00:00-06:00,120,4,56.74452847846712,74.78260869565217,185.0,261.5,3.010139092352531,4.166889632107024
S002_E015,S002,2026-10-02 13:00:00-06:00,2026-10-02 22:00:00-06:00,570,19,65.36755934693434,83.18160597572361,205.21052631578948,371.5,3.8851084816072605,6.042824822236587
S002_E016,S002,2026-10-03 13:00:00-06:00,2026-10-03 17:30:00-06:00,300,10,73.70041537665439,82.11362542128069,236.55,321.5,4.253095725900465,5.642332415059688
S002_E017,S002,2026-10-04 12:00:00-06:00,2026-10-04 13:30:00-06:00,120,4,67.413569242133,88.47064393939394,320.625,578.5,4.920329278674009,8.793447293447294
S002_E018,S002,2026-10-04 16:00:00-06:00,2026-10-04 20:30:00-06:00,300,10,78.41801902461148,87.14285714285714,367.15,458.5,6.1798889898529135,7.873787976729153
S002_E019,S002,2026-10-05 07:30:00-06:00,2026-10-05 09:00:00-06:00,120,4,66.69344522669827,81.036866359447,236.75,309.5,3.809736782330365,5.279084551811825
S002_E020,S002,2026-10-05 16:00:00-06:00,2026-10-05 16:30:00-06:00,60,2,37.075236344537814,40.57904411764706,35.75,39.5,1.6403702506643683,1.7713675213675213
S002_E021,S002,2026-10-05 17:30:00-06:00,2026-10-05 20:00:00-06:00,180,6,41.96949764205199,50.897170462387855,57.416666666666664,85.5,1.7815485168426344,2.0497737556561084
S002_E022,S002,2026-10-06 07:30:00-06:00,2026-10-06 09:30:00-06:00,150,5,62.11033214584982,78.90625,184.8,227.5,3.5042954453359405,5.728034188034188
S002_E023,S002,2026-10-06 17:30:00-06:00,2026-10-06 18:30:00-06:00,90,3,42.335590637221074,47.273982056590754,56.166666666666664,79.0,1.7594567741626566,1.934389140271493
S002_E024,S002,2026-10-07 07:30:00-06:00,2026-10-07 08:30:00-06:00,90,3,62.4011264047281,71.02564102564102,188.16666666666666,207.0,3.0767398828663652,3.558361204013378
S002_E025,S002,2026-10-07 15:30:00-06:00,2026-10-07 16:00:00-06:00,60,2,39.67599041428165,45.214752567693736,94.5,141.5,1.917438770379947,2.294279250161603
S002_E026,S002,2026-10-07 17:30:00-06:00,2026-10-07 20:00:00-06:00,180,6,54.283308944566635,80.44053923928743,143.33333333333334,267.5,2.875280064658504,5.440618304254668
S002_E027,S002,2026-10-08 07:30:00-06:00,2026-10-08 08:00:00-06:00,60,2,33.06051587301587,34.375,116.25,129.0,1.9861560008618833,2.1025641025641026
S002_E028,S002,2026-10-08 16:00:00-06:00,2026-10-08 16:30:00-06:00,60,2,32.63685909146267,33.609385783298826,45.0,46.0,1.5134130575307045,1.520038784744667
S002_E029,S002,2026-10-08 17:30:00-06:00,2026-10-08 20:00:00-06:00,180,6,53.079138605328986,73.96222014925374,119.41666666666667,186.0,2.485568773527,3.9287749287749287
S002_E030,S002,2026-10-09 07:00:00-06:00,2026-10-09 10:30:00-06:00,240,8,68.50289124251233,88.83568548387098,309.4375,525.0,5.241619154639724,9.950413223140496
S002_E031,S002,2026-10-09 14:30:00-06:00,2026-10-09 17:30:00-06:00,210,7,80.45444298934271,91.52777777777777,434.14285714285717,733.5,6.903487000791069,12.292
S003_E001,S003,2026-09-25 13:30:00-06:00,2026-09-25 14:30:00-06:00,90,3,32.4009324009324,34.61538461538461,64.0,70.0,1.483633325738589,1.5303030303030305
S003_E002,S003,2026-09-25 16:00:00-06:00,2026-09-25 16:30:00-06:00,60,2,31.61005661005661,32.05128205128205,61.5,62.0,1.4641717931191613,1.4696969696969695
S003_E003,S003,2026-09-25 17:30:00-06:00,2026-09-25 20:30:00-06:00,210,7,33.09309737881166,37.66233766233766,65.71428571428571,81.0,1.4966800117176058,1.6090225563909777
S003_E004,S003,2026-09-26 13:00:00-06:00,2026-09-26 15:00:00-06:00,150,5,33.4998334998335,35.8974358974359,67.2,74.0,1.5076099339257234,1.5606060606060606
S003_E005,S003,2026-09-26 17:00:00-06:00,2026-09-26 17:30:00-06:00,60,2,31.41025641025641,32.05128205128205,60.0,62.0,1.4545454545454546,1.4696969696969695
S003_E006,S003,2026-09-28 07:30:00-06:00,2026-09-28 08:00:00-06:00,60,2,31.61005661005661,32.05128205128205,61.5,62.0,1.4641717931191613,1.4696969696969695
S003_E007,S003,2026-09-28 14:30:00-06:00,2026-09-28 16:00:00-06:00,120,4,36.300303072454966,41.02564102564102,76.5,92.0,1.580141788036525,1.696969696969697
S003_E008,S003,2026-09-28 17:30:00-06:00,2026-09-28 18:00:00-06:00,60,2,37.379287379287376,43.58974358974359,81.5,102.0,1.6156869446343132,1.7727272727272727
S003_E009,S003,2026-09-29 10:00:00-06:00,2026-09-29 10:30:00-06:00,60,2,37.46253746253746,44.15584415584416,82.0,106.0,1.6181932102984735,1.7969924812030076
S003_E010,S003,2026-09-29 17:30:00-06:00,2026-09-29 19:00:00-06:00,120,4,36.48434898434898,41.55844155844156,78.0,96.0,1.588174982911825,1.7218045112781954
S003_E011,S003,2026-09-30 08:00:00-06:00,2026-09-30 08:30:00-06:00,60,2,33.33333333333333,33.33333333333333,66.0,66.0,1.5,1.5
S003_E012,S003,2026-09-30 13:30:00-06:00,2026-09-30 14:30:00-06:00,90,3,38.78343878343878,41.55844155844156,85.66666666666667,96.0,1.6458570669096986,1.7218045112781954
S003_E013,S003,2026-09-30 17:00:00-06:00,2026-09-30 17:30:00-06:00,60,2,36.36363636363636,40.25974025974026,78.0,91.0,1.5864661654135337,1.6842105263157894
S003_E014,S003,2026-09-30 18:30:00-06:00,2026-09-30 20:30:00-06:00,150,5,39.480519480519476,44.15584415584416,89.0,106.0,1.6691729323308273,1.7969924812030076
S003_E015,S003,2026-10-01 08:30:00-06:00,2026-10-01 09:00:00-06:00,60,2,34.61538461538461,37.17948717948718,70.0,78.0,1.5303030303030303,1.5909090909090908
S003_E016,S003,2026-10-01 18:00:00-06:00,2026-10-01 18:30:00-06:00,60,2,31.818181818181817,32.467532467532465,63.0,65.0,1.473684210526316,1.4887218045112782
S003_E017,S003,2026-10-01 19:30:00-06:00,2026-10-01 20:00:00-06:00,60,2,33.116883116883116,35.064935064935064,67.0,73.0,1.5037593984962405,1.5488721804511278
S003_E018,S003,2026-10-02 07:30:00-06:00,2026-10-02 08:30:00-06:00,90,3,33.031442241968556,35.064935064935064,67.0,73.0,1.5015687366564558,1.5488721804511278
S003_E019,S003,2026-10-02 18:30:00-06:00,2026-10-02 19:00:00-06:00,60,2,32.05128205128205,33.33333333333333,62.0,66.0,1.4696969696969697,1.5
S003_E020,S003,2026-10-02 20:00:00-06:00,2026-10-02 20:30:00-06:00,60,2,32.25108225108225,33.33333333333333,63.5,66.0,1.4793233082706767,1.5
S003_E021,S003,2026-10-04 11:30:00-06:00,2026-10-04 12:30:00-06:00,90,3,31.901431901431902,33.76623376623377,62.666666666666664,69.0,1.4722791828054984,1.518796992481203
S003_E022,S003,2026-10-05 15:30:00-06:00,2026-10-05 16:30:00-06:00,90,3,31.762681762681762,32.467532467532465,61.666666666666664,65.0,1.465937571200729,1.4887218045112782
S003_E023,S003,2026-10-05 18:30:00-06:00,2026-10-05 19:30:00-06:00,90,3,35.19258519258519,35.8974358974359,72.33333333333333,74.0,1.546593757120073,1.5606060606060606
S003_E024,S003,2026-10-07 07:30:00-06:00,2026-10-07 08:00:00-06:00,60,2,32.9004329004329,33.33333333333333,65.5,66.0,1.494360902255639,1.5
S003_E025,S003,2026-10-07 18:00:00-06:00,2026-10-07 18:30:00-06:00,60,2,32.9004329004329,33.33333333333333,65.5,66.0,1.494360902255639,1.5
S003_E026,S003,2026-10-08 16:30:00-06:00,2026-10-08 20:00:00-06:00,240,8,37.11913086913087,51.94805194805194,81.25,145.0,1.6128104351788561,2.0902255639097747
S003_E027,S003,2026-10-09 08:00:00-06:00,2026-10-09 10:00:00-06:00,150,5,32.997002997002994,35.064935064935064,65.6,73.0,1.495352016404648,1.5488721804511278
S003_E028,S003,2026-10-09 13:00:00-06:00,2026-10-09 15:30:00-06:00,180,6,36.78543678543679,46.75324675324675,79.16666666666667,118.0,1.5972791828054989,1.887218045112782
S003_E029,S003,2026-10-09 17:00:00-06:00,2026-10-09 17:30:00-06:00,60,2,32.69230769230769,33.33333333333333,64.0,66.0,1.4848484848484849,1.5
